/*
Title: Darkmoon Faire
Author: Nexis
Series: Active
Location: Mulgore
*/

/* Darkmoon Faire Gameobject Spawns */
# -- Mug 01
insert into `gameobject_spawns` values ('100000','180049','1','-1475.36','201.598','-7.29758','5.29305','0','0','0.475091','-0.879937','1','0','0','1','0');
insert into `gameobject_spawns` values ('100001','180049','1','-1476.04','196.765','-7.28886','3.71832','0','0','0.95871','-0.284386','1','0','0','1','0');

# -- Mug Foam 01
insert into `gameobject_spawns` values ('100002','180048','1','-1475.1','201.623','-7.28343','1.07153','0','0','0.5105','0.859878','1','0','0','1','0');
insert into `gameobject_spawns` values ('100003','180048','1','-1473','196.891','-7.29321','2.65804','0','0','0.970914','0.23943','1','0','0','1','0');

# -- Westfall Chair
insert into `gameobject_spawns` values ('100004','180047','1','-1475.17','201.604','-7.79276','4.77862','0','0','0.683308','-0.73013','1','0','0','1','0');
insert into `gameobject_spawns` values ('100005','180047','1','-1476.03','196.781','-7.79276','0.580664','0','0','0.28627','0.958149','1','0','0','1','0');
insert into `gameobject_spawns` values ('100006','180047','1','-1473.08','196.89','-7.79276','2.69731','0','0','0.975428','0.220318','1','0','0','1','0');

# -- Chair
insert into `gameobject_spawns` values ('100007','180046','1','-1472.66','197.691','-7.79279','2.70124','0','0','0.975859','0.218402','1','0','0','1','0');
insert into `gameobject_spawns` values ('100008','180046','1','-1476.52','197.883','-7.79272','0.341118','0','0','0.169733','0.98549','1','0','0','1','0');
insert into `gameobject_spawns` values ('100009','180046','1','-1474.38','201.075','-7.79213','4.53908','0','0','0.765652','-0.643255','1','0','0','1','0');
insert into `gameobject_spawns` values ('100010','180046','1','-1475.89','201.035','-7.79277','5.01031','0','0','0.594334','-0.804218','1','0','0','1','0');

# -- Cannon Target
insert into `gameobject_spawns` values ('100011','180573','1','-2183.09','-251.069','-15.0349','4.98754','0','0','0.603452','-0.7974','1','0','0','1','0');

# -- Darkmoon Faire Banner
insert into `gameobject_spawns` values ('100012','179965','1','-1309.21','70.9547','128.873','5.74205','0','0','0.26728','-0.963619','1','0','0','1','0');
insert into `gameobject_spawns` values ('100013','179965','1','-1325.05','83.708','129.707','0.345577','0','0','0.17193','0.985109','1','0','0','1','0');
insert into `gameobject_spawns` values ('100014','179965','1','-1326.98','89.3529','129.708','0.38092','0','0','0.189311','0.981917','1','0','0','1','0');
insert into `gameobject_spawns` values ('100015','179965','1','-1463.96','168.847','-7.74712','5.28573','0','0','0.478307','-0.878193','1','0','0','1','0');
insert into `gameobject_spawns` values ('100016','179965','1','-1493.23','223.862','-7.73288','2.32871','0','0','0.918533','0.395343','1','0','0','1','0');
insert into `gameobject_spawns` values ('100017','179965','1','-1445.16','215.103','-7.75572','0.268805','0','0','0.133998','0.990982','1','0','0','1','0');
insert into `gameobject_spawns` values ('100018','179965','1','-1640.95','103.674','-17.9482','3.72908','0','0','0.957167','-0.289536','1','0','0','1','0');
insert into `gameobject_spawns` values ('100019','179965','1','-1618.93','86.8941','-17.9481','5.76326','0','0','0.257046','-0.966399','1','0','0','1','0');
insert into `gameobject_spawns` values ('100020','179965','1','-1626.66','83.5539','-17.9482','4.62999','0','0','0.735632','-0.677381','1','0','0','1','0');
insert into `gameobject_spawns` values ('100021','179965','1','-1638.42','116.959','-17.8201','5.49734','0','0','0.382891','-0.923794','1','0','0','1','0');
insert into `gameobject_spawns` values ('100022','179965','1','-1629.41','122.076','-17.9479','4.92759','0','0','0.62708','-0.778955','1','0','0','1','0');
insert into `gameobject_spawns` values ('100023','179965','1','-1596.95','99.4344','-11.7024','4.91502','0','0','0.631962','-0.774999','1','0','0','1','0');
insert into `gameobject_spawns` values ('100024','179965','1','-1582.03','100.703','-9.73542','4.97','0','0','0.610422','-0.792076','1','0','0','1','0');
insert into `gameobject_spawns` values ('100025','179965','1','-1570.17','117.514','-7.30056','3.93092','0','0','0.923126','-0.384497','1','0','0','1','0');
insert into `gameobject_spawns` values ('100026','179965','1','-1585.36','130.125','-7.71966','4.17008','0','0','0.870666','-0.491875','1','0','0','1','0');
insert into `gameobject_spawns` values ('100027','179965','1','-1557.64','131.507','-7.66333','2.14256','0','0','0.877815','0.479001','1','0','0','1','0');
insert into `gameobject_spawns` values ('100028','179965','1','-1543.02','146.445','-7.64009','2.33499','0','0','0.91977','0.392458','1','0','0','1','0');
insert into `gameobject_spawns` values ('100029','179965','1','-1569.36','179.963','-7.7928','4.787','0','0','0.680241','-0.732989','1','0','0','1','0');
insert into `gameobject_spawns` values ('100030','179965','1','-1583.74','173.588','-7.73054','5.62345','0','0','0.323916','-0.946086','1','0','0','1','0');
insert into `gameobject_spawns` values ('100031','179965','1','-1589.59','157.352','-7.37059','6.04286','0','0','0.119875','-0.992789','1','0','0','1','0');
insert into `gameobject_spawns` values ('100032','179965','1','-1585.09','144.587','-7.06492','0.486369','0','0','0.240795','0.970576','1','0','0','1','0');

# -- Blastenheimer 5000 Ultra Cannon
insert into `gameobject_spawns` values ('100033','180515','1','-1325.26','86.7761','129.707','3.48324','0','0','0.985445','-0.169996','1','0','0','1','0');

# -- Tonk Control Console
insert into `gameobject_spawns` values ('100034','180524','1','-1539','146.582','-7.45701','2.13201','0','0','0.875276','0.483623','1','1','0','1','0');
insert into `gameobject_spawns` values ('100035','180524','1','-1523.86','160.833','-7.79139','3.24728','0','0','0.998604','-0.0528191','1','1','0','1','0');
insert into `gameobject_spawns` values ('100036','180524','1','-1507.66','166.614','-7.79281','2.84044','0','0','0.988685','0.150006','1','1','0','1','0');
insert into `gameobject_spawns` values ('100037','180524','1','-1480.03','179.513','-7.7914','1.56731','0','0','0.705874','0.708337','1','1','0','1','0');
insert into `gameobject_spawns` values ('100038','180524','1','-1456.23','201.522','-7.78995','2.90642','0','0','0.993095','0.117316','1','1','0','1','0');
insert into `gameobject_spawns` values ('100039','180524','1','-1458.33','213.872','-7.79278','4.45365','0','0','0.792421','-0.609974','1','1','0','1','0');
insert into `gameobject_spawns` values ('100040','180524','1','-1477.06','221.163','-7.75749','4.63821','0','0','0.732839','-0.680402','1','1','0','1','0');
insert into `gameobject_spawns` values ('100041','180524','1','-1487.59','208.654','-7.7928','5.56513','0','0','0.351362','-0.93624','1','1','0','1','0');
insert into `gameobject_spawns` values ('100042','180524','1','-1511.89','186.762','-7.7922','5.76227','0','0','0.257523','-0.966272','1','1','0','1','0');
insert into `gameobject_spawns` values ('100043','180524','1','-1533','173.276','-7.79265','4.38939','0','0','0.811606','-0.584205','1','1','0','1','0');
insert into `gameobject_spawns` values ('100044','180524','1','-1560.77','185.731','-7.70808','4.95881','0','0','0.614845','-0.788648','1','1','0','1','0');
insert into `gameobject_spawns` values ('100045','180524','1','-1584','138.397','-6.69028','0.00294161','0','0','0.0014708','0.999999','1','1','0','1','0');
insert into `gameobject_spawns` values ('100046','180524','1','-1572.97','118.344','-7.76742','1.74653','0','0','0.766429','0.642329','1','1','0','1','0');
insert into `gameobject_spawns` values ('100047','180524','1','-1616.07','127.607','-17.5747','5.4002','0','0','0.42729','-0.904115','1','1','0','1','0');
insert into `gameobject_spawns` values ('100048','180524','1','-1613.61','106.95','-17.7535','1.37739','0','0','0.635531','0.772076','1','1','0','1','0');
insert into `gameobject_spawns` values ('100049','180524','1','-1640.03','105.488','-17.9481','0.215789','0','0','0.107685','0.994185','1','1','0','1','0');

# -- Fence
insert into `gameobject_spawns` values ('100050','180035','1','-1617.86','100.838','-16.5482','5.17558','0','0','0.525926','-0.850531','1','0','0','1','0');
insert into `gameobject_spawns` values ('100051','180035','1','-1616.81','87.4724','-16.5481','4.28416','0','0','0.841208','-0.540711','1','0','0','1','0');
insert into `gameobject_spawns` values ('100052','180035','1','-1626.89','80.4814','-16.5482','3.21523','0','0','0.999322','-0.0368102','1','0','0','1','0');
insert into `gameobject_spawns` values ('100053','180035','1','-1636.78','87.8822','-16.5228','5.04521','0','0','0.580212','-0.814466','1','0','0','1','0');
insert into `gameobject_spawns` values ('100054','180035','1','-1642.19','100.569','-16.4483','2.2649','0','0','0.905454','0.424443','1','0','0','1','0');
insert into `gameobject_spawns` values ('100055','180035','1','-1644.14','112.578','-16.0248','4.08231','0','0','0.891406','-0.453206','1','0','0','1','0');
insert into `gameobject_spawns` values ('100056','180035','1','-1625.47','127.493','-16.5482','0.00216627','0','0','0.00108314','0.999999','1','0','0','1','0');
insert into `gameobject_spawns` values ('100057','180035','1','-1443.89','205.835','-6.19206','4.82058','0','0','0.667838','-0.744307','1','0','0','1','0');
insert into `gameobject_spawns` values ('100058','180035','1','-1445.79','189.31','-6.08365','4.29673','0','0','0.837793','-0.545988','1','0','0','1','0');
insert into `gameobject_spawns` values ('100059','180035','1','-1456','174.2','-6.24607','4.05954','0','0','0.896507','-0.443029','1','0','0','1','0');
insert into `gameobject_spawns` values ('100060','180035','1','-1472.88','165.727','-6.26097','0.244862','0','0','0.122125','0.992515','1','0','0','1','0');
insert into `gameobject_spawns` values ('100061','180035','1','-1490.44','163.912','-6.29874','0.103489','0','0','0.0517216','0.998662','1','0','0','1','0');
insert into `gameobject_spawns` values ('100062','180035','1','-1509.06','163.165','-6.59213','3.19796','0','0','0.999603','-0.0281799','1','0','0','1','0');
insert into `gameobject_spawns` values ('100063','180035','1','-1522.92','157.157','-6.2529','1.33657','0','0','0.619639','0.784887','1','0','0','1','0');
insert into `gameobject_spawns` values ('100064','180035','1','-1535.48','141.53','-5.43965','3.85534','0','0','0.936994','-0.349346','1','0','0','1','0');
insert into `gameobject_spawns` values ('100065','180035','1','-1550.13','128.444','-5.31635','0.767937','0','0','0.374603','0.927185','1','0','0','1','0');
insert into `gameobject_spawns` values ('100066','180035','1','-1563.11','118.962','-5.53397','3.45008','0','0','0.988128','-0.153631','1','0','0','1','0');
insert into `gameobject_spawns` values ('100067','180035','1','-1597.81','162.544','-5.31933','1.69471','0','0','0.749533','0.661967','1','0','0','1','0');
insert into `gameobject_spawns` values ('100068','180035','1','-1590.43','179.815','-4.81708','0.834704','0','0','0.405341','0.914165','1','0','0','1','0');
insert into `gameobject_spawns` values ('100069','180035','1','-1571.53','190.368','-5.20506','3.24823','0','0','0.998579','-0.0532951','1','0','0','1','0');
insert into `gameobject_spawns` values ('100070','180035','1','-1550','186.534','-5.93755','5.91309','0','0','0.183993','-0.982927','1','0','0','1','0');
insert into `gameobject_spawns` values ('100071','180035','1','-1533.24','177.581','-6.21807','2.55944','0','0','0.957936','0.286981','1','0','0','1','0');
insert into `gameobject_spawns` values ('100072','180035','1','-1520.34','180.524','-6.33708','0.694124','0','0','0.340137','0.940376','1','0','0','1','0');
insert into `gameobject_spawns` values ('100073','180035','1','-1510.11','196.785','-6.25415','1.16144','0','0','0.548624','0.836069','1','0','0','1','0');
insert into `gameobject_spawns` values ('100074','180035','1','-1499.73','215.161','-5.1636','0.917958','0','0','0.443033','0.896505','1','0','0','1','0');
insert into `gameobject_spawns` values ('100075','180035','1','-1485.84','231.384','-4.96089','0.572382','0','0','0.2823','0.959326','1','0','0','1','0');
insert into `gameobject_spawns` values ('100076','180035','1','-1466.41','232.797','-6.5372','6.09373','0','0','0.0945851','-0.995517','1','0','0','1','0');
insert into `gameobject_spawns` values ('100077','180035','1','-1449.54','222.055','-6.39187','5.43007','0','0','0.413738','-0.910396','1','0','0','1','0');

# -- Brazier
insert into `gameobject_spawns` values ('100078','180053','1','-1474.44','198.335','-7.99278','2.57601','0','0','0.96028','0.279037','1','0','0','1','0');

# -- Stormwind Gypsy Wagon
insert into `gameobject_spawns` values ('100079','180045','1','-1468.58','195.754','-7.79264','1.1239','0','0','0.532838','0.846217','1','0','0','1','0');
insert into `gameobject_spawns` values ('100080','180045','1','-1480.88','194.286','-7.79272','5.35563','0','0','0.447331','-0.894368','1','0','0','1','0');
insert into `gameobject_spawns` values ('100081','180045','1','-1475.03','205.997','-7.79272','3.07797','0','0','0.999494','0.0318042','1','0','0','1','0');

# -- Darkmoon Faire Wagon Unloaded
insert into `gameobject_spawns` values ('100082','180036','1','-1496','203.305','-5.4925','1.09092','0','0','0.51881','0.85489','1','0','0','1','0');
insert into `gameobject_spawns` values ('100083','180036','1','-1465','220.352','-5.4925','6.05856','0','0','0.112076','-0.9937','1','0','0','1','0');
insert into `gameobject_spawns` values ('100084','180036','1','-1454.69','191.513','-5.4925','1.16946','0','0','0.551973','0.833862','1','0','0','1','0');
insert into `gameobject_spawns` values ('100085','180036','1','-1487.14','171.859','-5.4925','0.156294','0','0','0.0780674','0.996948','1','0','0','1','0');

# -- Free Standing Torch 01
insert into `gameobject_spawns` values ('100086','180043','1','-1548.76','147.574','-7.78754','6.25884','0','0','0.0121711','-0.999926','1','0','0','1','0');
insert into `gameobject_spawns` values ('100087','180043','1','-1630.24','120.139','-17.9479','3.59562','0','0','0.974343','-0.225068','1','0','0','1','0');
insert into `gameobject_spawns` values ('100088','180043','1','-1635.32','96.1559','-17.948','3.36653','0','0','0.993682','-0.112234','1','0','0','1','0');
insert into `gameobject_spawns` values ('100089','180043','1','-1621.24','96.3132','-17.9482','6.23716','0','0','0.0230096','-0.999735','1','0','0','1','0');
insert into `gameobject_spawns` values ('100090','180043','1','-1612.17','125.595','-16.8405','0.384059','0','0','0.190852','0.981619','1','0','0','1','0');
insert into `gameobject_spawns` values ('100091','180043','1','-1595.28','122.338','-12.847','1.31161','0','0','0.609799','0.792556','1','0','0','1','0');
insert into `gameobject_spawns` values ('100092','180043','1','-1539.31','176.013','-7.73823','0.875718','0','0','0.424001','0.905662','1','0','0','1','0');
insert into `gameobject_spawns` values ('100093','180043','1','-1569.41','129.506','-7.89272','5.51977','0','0','0.372505','-0.92803','1','0','0','1','0');
insert into `gameobject_spawns` values ('100094','180043','1','-1561.21','134.073','-7.79273','5.73576','0','0','0.270309','-0.962774','1','0','0','1','0');
insert into `gameobject_spawns` values ('100095','180043','1','-1570.48','178.516','-7.79263','1.85354','0','0','0.799685','0.60042','1','0','0','1','0');
insert into `gameobject_spawns` values ('100096','180043','1','-1580.83','171.302','-7.79149','2.5604','0','0','0.958073','0.286525','1','0','0','1','0');
insert into `gameobject_spawns` values ('100097','180043','1','-1584.79','148.623','-7.43427','3.55728','0','0','0.978478','-0.206349','1','0','0','1','0');
insert into `gameobject_spawns` values ('100098','180043','1','-1587.21','155.39','-7.65442','2.74046','0','0','0.979954','0.199223','1','0','0','1','0');
insert into `gameobject_spawns` values ('100099','180043','1','-1568.49','155.659','-7.79265','1.25209','0','0','0.585943','0.810352','1','0','0','1','0');

# -- G_Cage 03
insert into `gameobject_spawns` values ('100100','180041','1','-1623.54','103.404','-17.9479','0.311082','0','0','0.154914','0.987928','1','1','0','1','0');

# -- G_Cage 02
insert into `gameobject_spawns` values ('100101','180040','1','-1617.14','107.444','-17.9482','0.99438','0','0','0.476958','0.878926','1','1','0','1','0');
insert into `gameobject_spawns` values ('100102','180040','1','-1623','99.2317','-17.9482','1.85832','0','0','0.801117','0.598508','1','1','0','1','0');
insert into `gameobject_spawns` values ('100103','180040','1','-1634.02','92.0351','-17.9468','5.16484','0','0','0.530484','-0.847695','1','1','0','1','0');

# -- Water Trough Small
insert into `gameobject_spawns` values ('100104','179975','1','-1619.68','88.4058','-17.9482','5.54969','0','0','0.358583','-0.933498','1','0','0','1','0');
insert into `gameobject_spawns` values ('100105','179975','1','-1632.77','87.8914','-17.9472','0.801953','0','0','0.390318','0.92068','1','0','0','1','0');
insert into `gameobject_spawns` values ('100106','179975','1','-1642.12','109.457','-17.8266','1.26481','0','0','0.591085','0.80661','1','0','0','1','0');

# -- Haystack 01
insert into `gameobject_spawns` values ('100107','179968','1','-1620.79','92.1138','-17.2418','4.55248','0','0','0.761322','-0.648373','1','0','0','1','0');
insert into `gameobject_spawns` values ('100108','179968','1','-1621.06','91.3864','-17.9475','2.22771','0','0','0.897406','0.441206','1','0','0','1','0');
insert into `gameobject_spawns` values ('100109','179968','1','-1620.54','92.4283','-17.9475','4.5839','0','0','0.751044','-0.660253','1','0','0','1','0');
insert into `gameobject_spawns` values ('100110','179968','1','-1621.97','92.9126','-17.9475','3.51969','0','0','0.982184','-0.187923','1','0','0','1','0');
insert into `gameobject_spawns` values ('100111','179968','1','-1642.92','107.157','-17.8339','6.0958','0','0','0.0935581','-0.995614','1','0','0','1','0');
insert into `gameobject_spawns` values ('100112','179968','1','-1644.23','108.08','-17.6314','5.42821','0','0','0.414586','-0.91001','1','0','0','1','0');
insert into `gameobject_spawns` values ('100113','179968','1','-1641.31','111.325','-17.8266','4.35536','0','0','0.821429','-0.570311','1','0','0','1','0');
insert into `gameobject_spawns` values ('100114','179968','1','-1640.76','112.333','-17.8123','4.38678','0','0','0.81237','-0.583143','1','0','0','1','0');

# -- Haybail 02
insert into `gameobject_spawns` values ('100115','180038','1','-1629.45','84.3051','-17.6','3.44038','0','0','0.988862','-0.148837','1','0','0','1','0');
insert into `gameobject_spawns` values ('100116','180038','1','-1637.35','99.6877','-17.6','0.479424','0','0','0.237423','0.971406','1','0','0','1','0');
insert into `gameobject_spawns` values ('100117','180038','1','-1637.3','114.133','-17.6','5.09835','0','0','0.558367','-0.829594','1','0','0','1','0');

# -- Haybail 01
insert into `gameobject_spawns` values ('100118','180037','1','-1621.45','84.7713','-17.6','0.540687','0','0','0.267063','0.963679','1','0','0','1','0');
insert into `gameobject_spawns` values ('100119','180037','1','-1626.12','122.37','-17.6','3.04218','0','0','0.998765','0.0496863','1','0','0','1','0');

# -- Animal Trainer Tent
insert into `gameobject_spawns` values ('100120','180039','1','-1636.19','119.681','-17.4','5.09835','0','0','0.995562','-0.0941065','1','0','0','1','0');

# -- DARKMOON FAIRE
insert into `gameobject_spawns` values ('100121','180029','1','-1579.98','128.65','-8.37561','3.90029','0','0','0.928906','-0.370315','1','0','0','1.8','0');

# -- Outhouse
insert into `gameobject_spawns` values ('100122','180006','1','-1540.4','178.017','-7.59924','4.35896','0','0','0.820402','-0.571788','1','0','0','1','0');
insert into `gameobject_spawns` values ('100123','180006','1','-1536.89','176.002','-7.76944','3.93092','0','0','0.923127','-0.384496','1','0','0','1','0');

# -- Target Practice Tent
insert into `gameobject_spawns` values ('100124','180042','1','-1552.15','140.587','-7.78505','2.99472','0','0','0.997305','0.0733694','1','0','0','1','0');

# -- Ticket Master Tent
insert into `gameobject_spawns` values ('100125','180034','1','-1562.31','126.277','-7','3.5288','0','0','0.981318','-0.192394','1','0','0','1','0');

# -- Souvenir Tent
insert into `gameobject_spawns` values ('100126','180032','1','-1578.06','178.817','-6.1','3.05127','0','0','0.99898','0.0451457','1','0','0','1','0');

# -- Food Tent
insert into `gameobject_spawns` values ('100127','180031','1','-1590.5','165.496','-6.1','3.1683','0','0','0.999911','-0.013353','1','0','0','1','0');

# -- Fortune Teller's Tent
insert into `gameobject_spawns` values ('100128','180030','1','-1592.01','148.993','-6.8','3.00357','0','0','0.99762','0.0689558','1','0','0','1','0');

# -- Shoutbox
insert into `gameobject_spawns` values ('100129','180044','1','-1562.75','158.355','-8.9','3.40015','0','0','0.991655','-0.128919','1','0','0','1','0');

/* Custom Creatures */
# -- Music Doodad
#delete from `creature_names` where (`entry`='500000');
#delete from `creature_proto` where (`entry`='500000');
#insert into `creature_names` values('500000','dmfmusic','','','0','0','0','0','0',NULL,'0','0','0','0','1','1','0',NULL);
#insert into `creature_proto` values('500000','1','1','35','1','1','0','1','0','0','0','0','0','0','0','0','0','0','0','0','0','0','0','0','0','0','1000','0','0','0','0','0','0','0','0','0','0','0','0','0','0','2.5','8','14','0','0','0','0','0','0');


/* Darkmoon Faire Creature Spawns */
# -- Morja
insert into `creature_spawns` (id,entry,map,position_x,position_y,position_z,orientation,movetype,displayid,faction,flags,bytes0,bytes2)values ('500000','14871','1','-1480.17','204.984','-7.79277','3.3971','0','14943','1555','0','0','0');

# -- Jubjub
insert into `creature_spawns` (id,entry,map,position_x,position_y,position_z,orientation,movetype,displayid,faction,flags,bytes0,bytes2)values ('500001','14867','1','-1513.84','151.182','-7.19954','4.64313','0','14938','1555','0','0','0');

# -- Flik
insert into `creature_spawns` (id,entry,map,position_x,position_y,position_z,orientation,movetype,displayid,faction,flags,bytes0,bytes2)values ('500002','14860','1','-1520.81','171.139','-7.79368','3.6339','0','14589','1555','0','0','0');

# -- Flik's Frog
insert into `creature_spawns` (id,entry,map,position_x,position_y,position_z,orientation,movetype,displayid,faction,flags,bytes0,bytes2)values ('500003','14866','1','-1523.93','169.622','-7.79273','3.5742','0','14936','1555','0','0','0');

# -- Darkmoon Faire Carnies
insert into `creature_spawns` (id,entry,map,position_x,position_y,position_z,orientation,movetype,displayid,faction,flags,bytes0,bytes2)values ('500004','14849','1','-1584.27','114.102','-10.503','3.21606','0','14914','1555','4096','16777472','4097');
insert into `creature_spawns` (id,entry,map,position_x,position_y,position_z,orientation,movetype,displayid,faction,flags,bytes0,bytes2)values ('500005','14849','1','-1568.32','177.479','-7.79275','3.79596','2','14913','1555','4096','16777472','4097');

# -- Burth
insert into `creature_spawns` (id,entry,map,position_x,position_y,position_z,orientation,movetype,displayid,faction,flags,bytes0,bytes2)values ('500006','14827','1','-1563.56','159.685','-6.42318','4.21784','0','536','1555','0','0','0');

# -- Silas Darkmoon
insert into `creature_spawns` (id,entry,map,position_x,position_y,position_z,orientation,movetype,displayid,faction,flags,bytes0,bytes2)values ('500007','14823','1','-1565.73','155.36','-6.38916','4.27728','2','14855','1555','0','0','0');

# -- Maxima Blastenheimer
insert into `creature_spawns` (id,entry,map,position_x,position_y,position_z,orientation,movetype,displayid,faction,flags,bytes0,bytes2)values ('500008','15303','1','-1319.55','86.1535','129.707','6.14967','0','15368','1555','0','0','0');

# -- Khaz Modan Ram
insert into `creature_spawns` (id,entry,map,position_x,position_y,position_z,orientation,movetype,displayid,faction,flags,bytes0,bytes2)values ('500009','14864','1','-1637.77','109.907','-17.9469','4.15651','0','14939','1555','0','0','0');
insert into `creature_spawns` (id,entry,map,position_x,position_y,position_z,orientation,movetype,displayid,faction,flags,bytes0,bytes2)values ('500010','14864','1','-1623.34','86.5987','-17.9469','5.19166','0','14939','1555','0','0','0');

# -- Hornsley
insert into `creature_spawns` (id,entry,map,position_x,position_y,position_z,orientation,movetype,displayid,faction,flags,bytes0,bytes2)values ('500011','14868','1','-1633.77','91.9082','-17.9469','0.436076','0','14937','1555','0','0','0');

# -- Felinni
insert into `creature_spawns` (id,entry,map,position_x,position_y,position_z,orientation,movetype,displayid,faction,flags,bytes0,bytes2)values ('500012','14865','1','-1623.57','104.212','-17.9482','1.89492','0','14935','1555','0','0','0');

# -- Pygmy Cockatrice
insert into `creature_spawns` (id,entry,map,position_x,position_y,position_z,orientation,movetype,displayid,faction,flags,bytes0,bytes2)values ('500013','14869','1','-1625.83','109.922','-17.9482','0.50869','0','14941','1555','0','0','0');
insert into `creature_spawns` (id,entry,map,position_x,position_y,position_z,orientation,movetype,displayid,faction,flags,bytes0,bytes2)values ('500014','14869','1','-1625.83','85.5412','-17.9482','4.68701','0','14941','1555','0','0','0');
insert into `creature_spawns` (id,entry,map,position_x,position_y,position_z,orientation,movetype,displayid,faction,flags,bytes0,bytes2)values ('500015','14869','1','-1624.37','95.0153','-17.9482','5.64127','0','14942','1555','0','0','0');
insert into `creature_spawns` (id,entry,map,position_x,position_y,position_z,orientation,movetype,displayid,faction,flags,bytes0,bytes2)values ('500016','14869','1','-1636.47','107.286','-17.9482','4.17257','0','14941','1555','0','0','0');

# -- Kerri Hicks
insert into `creature_spawns` (id,entry,map,position_x,position_y,position_z,orientation,movetype,displayid,faction,flags,bytes0,bytes2)values ('500017','14832','1','-1637.1','102.125','-17.9477','0.720747','0','14876','1555','0','0','0');

# -- Yebb Neblegear
insert into `creature_spawns` (id,entry,map,position_x,position_y,position_z,orientation,movetype,displayid,faction,flags,bytes0,bytes2)values ('500018','14829','1','-1630.1','119.356','-17.9477','6.00255','0','14856','1555','0','0','0');

# -- Chronos
insert into `creature_spawns` (id,entry,map,position_x,position_y,position_z,orientation,movetype,displayid,faction,flags,bytes0,bytes2)values ('500019','14833','1','-1477.87','190.232','-7.79272','5.29805','0','14875','1555','0','0','0');

# -- Gelvas Grimegate 
insert into `creature_spawns` (id,entry,map,position_x,position_y,position_z,orientation,movetype,displayid,faction,flags,bytes0,bytes2)values ('500020','14828','1','-1565.13','131.201','-7.73337','1.87372','0','14854','1555','0','0','0');

# -- Rinling
insert into `creature_spawns` (id,entry,map,position_x,position_y,position_z,orientation,movetype,displayid,faction,flags,bytes0,bytes2)values ('500021','14841','1','-1550.87','141.293','-7.76849','2.31668','0','14877','1555','0','0','0');

# -- Selina Dourman
insert into `creature_spawns` (id,entry,map,position_x,position_y,position_z,orientation,movetype,displayid,faction,flags,bytes0,bytes2)values ('500022','10445','1','-1562.72','152.29','-7.7927','4.35872','0','9810','1555','0','0','0');

# -- Lhara
insert into `creature_spawns` (id,entry,map,position_x,position_y,position_z,orientation,movetype,displayid,faction,flags,bytes0,bytes2)values ('500023','14846','1','-1575.52','178.203','-7.79276','4.96661','0','14882','1555','0','0','0');

# -- Professor Thaddeus Paleo 
insert into `creature_spawns` (id,entry,map,position_x,position_y,position_z,orientation,movetype,displayid,faction,flags,bytes0,bytes2)values ('500024','14847','1','-1579.16','176.475','-7.79276','5.55959','0','14883','1555','0','0','0');

# -- Stamp Thunderhorn
insert into `creature_spawns` (id,entry,map,position_x,position_y,position_z,orientation,movetype,displayid,faction,flags,bytes0,bytes2)values ('500025','14845','1','-1585.14','167.423','-7.42455','5.95621','0','14881','1555','0','0','0');

# -- Sylannia
insert into `creature_spawns` (id,entry,map,position_x,position_y,position_z,orientation,movetype,displayid,faction,flags,bytes0,bytes2)values ('500026','14844','1','-1585.78','163.748','-7.38109','6.19576','0','14880','1555','0','0','0');

# -- Sayge
insert into `creature_spawns` (id,entry,map,position_x,position_y,position_z,orientation,movetype,displayid,faction,flags,bytes0,bytes2)values ('500027','14822','1','-1586.92','151.574','-7.58701','0.332646','0','491','1555','0','0','0');


/* Darkmoon Faire Creature Waypoints */
# -- Silas Darkmoon
insert into `creature_waypoints` values ('500007','26','-1565.19','156.957','-6.38899','0','0','1','0','1','0','14855','14855');
insert into `creature_waypoints` values ('500007','25','-1563.7','159.999','-6.42332','0','0','1','0','1','0','14855','14855');
insert into `creature_waypoints` values ('500007','24','-1562.76','161.928','-7.79259','0','0','1','0','1','0','14855','14855');
insert into `creature_waypoints` values ('500007','23','-1557.58','162.833','-7.79259','0','0','1','0','1','0','14855','14855');
insert into `creature_waypoints` values ('500007','22','-1553.55','160.619','-7.79259','0','0','1','0','1','0','14855','14855');
insert into `creature_waypoints` values ('500007','21','-1555.25','151.173','-7.79259','0','0','1','0','1','0','14855','14855');
insert into `creature_waypoints` values ('500007','20','-1569.84','137.162','-7.8212','0','0','1','0','1','0','14855','14855');
insert into `creature_waypoints` values ('500007','19','-1574.49','126.431','-8.39435','0','0','1','0','1','0','14855','14855');
insert into `creature_waypoints` values ('500007','18','-1588.62','115.029','-11.9506','0','0','1','0','1','0','14855','14855');
insert into `creature_waypoints` values ('500007','17','-1611.74','119.456','-17.2655','0','0','1','0','1','0','14855','14855');
insert into `creature_waypoints` values ('500007','16','-1624.49','117.71','-17.9451','60000','0','1','0','1','0','14855','14855');
insert into `creature_waypoints` values ('500007','15','-1614.74','120.446','-17.5413','0','0','1','0','1','0','14855','14855');
insert into `creature_waypoints` values ('500007','14','-1592.02','116.816','-13.0073','0','0','1','0','1','0','14855','14855');
insert into `creature_waypoints` values ('500007','13','-1584.5','117.397','-10.7625','0','0','1','0','1','0','14855','14855');
insert into `creature_waypoints` values ('500007','12','-1575.85','125.696','-8.5767','0','0','1','0','1','0','14855','14855');
insert into `creature_waypoints` values ('500007','11','-1575.45','133.888','-7.92114','75000','0','1','0','1','0','14855','14855');
insert into `creature_waypoints` values ('500007','10','-1572.73','137.808','-7.79395','0','0','1','0','1','0','14855','14855');
insert into `creature_waypoints` values ('500007','9','-1573.48','145.154','-7.76421','0','0','1','0','1','0','14855','14855');
insert into `creature_waypoints` values ('500007','8','-1578.15','160.931','-7.72958','0','0','1','0','1','0','14855','14855');
insert into `creature_waypoints` values ('500007','7','-1575.92','168.051','-7.71601','0','0','1','0','1','0','14855','14855');
insert into `creature_waypoints` values ('500007','6','-1570.38','170.946','-7.79264','0','0','1','0','1','0','14855','14855');
insert into `creature_waypoints` values ('500007','5','-1562.12','169.245','-7.79264','0','0','1','0','1','0','14855','14855');
insert into `creature_waypoints` values ('500007','4','-1562.43','161.679','-7.79264','0','0','1','0','1','0','14855','14855');
insert into `creature_waypoints` values ('500007','3','-1563.41','159.82','-6.42326','0','0','1','0','1','0','14855','14855');
insert into `creature_waypoints` values ('500007','2','-1564.95','156.881','-6.38916','1500','0','1','0','1','0','14855','14855');
insert into `creature_waypoints` values ('500007','1','-1565.73','155.36','-6.38916','10000','0','1','0','1','0','14855','14855');

# -- Darkmoon Faire Carnies
insert into `creature_waypoints` values ('500004','19','-1552.32','179.751','-7.73845','0','0','1','0','1','0','14913','14913');
insert into `creature_waypoints` values ('500004','18','-1533.79','168.496','-7.79277','0','0','1','0','1','0','14913','14913');
insert into `creature_waypoints` values ('500004','17','-1498.56','182.603','-7.79352','0','0','1','0','1','0','14913','14913');
insert into `creature_waypoints` values ('500004','16','-1489.82','189.888','-7.79352','0','0','1','0','1','0','14913','14913');
insert into `creature_waypoints` values ('500004','15','-1481.09','213.413','-7.79391','0','0','1','0','1','0','14913','14913');
insert into `creature_waypoints` values ('500004','14','-1463.08','208.334','-7.79391','0','0','1','0','1','0','14913','14913');
insert into `creature_waypoints` values ('500004','13','-1460.45','201.139','-7.79391','0','0','1','0','1','0','14913','14913');
insert into `creature_waypoints` values ('500004','12','-1465.41','188.512','-7.79397','0','0','1','0','1','0','14913','14913');
insert into `creature_waypoints` values ('500004','11','-1477.44','181.778','-7.79397','0','0','1','0','1','0','14913','14913');
insert into `creature_waypoints` values ('500004','10','-1489.6','180.635','-7.79397','0','0','1','0','1','0','14913','14913');
insert into `creature_waypoints` values ('500004','9','-1518.02','169.3','-7.79397','0','0','1','0','1','0','14913','14913');
insert into `creature_waypoints` values ('500004','8','-1532.23','158.537','-7.79397','0','0','1','0','1','0','14913','14913');
insert into `creature_waypoints` values ('500004','7','-1550.03','151.139','-7.79397','0','0','1','0','1','0','14913','14913');
insert into `creature_waypoints` values ('500004','6','-1566.34','138.621','-7.79397','0','0','1','0','1','0','14913','14913');
insert into `creature_waypoints` values ('500004','5','-1577.57','144.29','-7.50297','0','0','1','0','1','0','14913','14913');
insert into `creature_waypoints` values ('500004','4','-1581.46','147.129','-7.43592','0','0','1','0','1','0','14913','14913');
insert into `creature_waypoints` values ('500004','3','-1583.38','156.116','-7.71349','0','0','1','0','1','0','14913','14913');
insert into `creature_waypoints` values ('500004','2','-1579.63','170.615','-7.77352','0','0','1','0','1','0','14913','14913');
insert into `creature_waypoints` values ('500004','1','-1568.32','177.479','-7.79275','0','0','1','0','1','0','14913','14913');

# -- Pygmy Cockatrice
insert into `creature_waypoints` values ('500013','6','-1624.05','113.75','-17.9479','10000','0','1','0','1','0','14941','14941');
insert into `creature_waypoints` values ('500013','5','-1622.95','109.507','-17.9479','0','0','1','0','1','0','14941','14941');
insert into `creature_waypoints` values ('500013','2','-1628.42','113.547','-17.9479','10000','0','1','0','1','0','14941','14941');
insert into `creature_waypoints` values ('500013','4','-1626.81','112.663','-17.9479','0','0','1','0','1','0','14941','14941');
insert into `creature_waypoints` values ('500013','3','-1630.04','109.657','-17.9479','10000','0','1','0','1','0','14941','14941');

# -- Pygmy Cockatrice
insert into `creature_waypoints` values ('500016','2','-1634.14','105.523','-17.9479','10000','0','1','0','1','0','14940','14940');
insert into `creature_waypoints` values ('500016','3','-1638.48','103.508','-17.9479','0','0','1','0','1','0','14940','14940');
insert into `creature_waypoints` values ('500016','1','-1636.22','106.465','-17.9479','0','0','1','0','1','0','14940','14940');
insert into `creature_waypoints` values ('500016','8','-1636.47','105.203','-17.9479','10000','0','1','0','1','0','14940','14940');
insert into `creature_waypoints` values ('500016','4','-1633.74','110.637','-17.9479','10000','0','1','0','1','0','14940','14940');
insert into `creature_waypoints` values ('500016','5','-1631.35','104.211','-17.9479','10000','0','1','0','1','0','14940','14940');
insert into `creature_waypoints` values ('500016','7','-1633.55','108.359','-17.9479','0','0','1','0','1','0','14940','14940');
insert into `creature_waypoints` values ('500016','6','-1634.86','103.583','-17.9479','0','0','1','0','1','0','14940','14940');

# -- Pygmy Cockatrice
insert into `creature_waypoints` values ('500015','2','-1621.04','94.8153','-17.9479','0','0','1','0','1','0','14942','14942');
insert into `creature_waypoints` values ('500015','3','-1625.26','97.6388','-17.9479','0','0','1','0','1','0','14942','14942');
insert into `creature_waypoints` values ('500015','4','-1623.98','95.6828','-17.9479','10000','0','1','0','1','0','14942','14942');
insert into `creature_waypoints` values ('500015','5','-1628.27','95.5396','-17.9479','0','0','1','0','1','0','14942','14942');
insert into `creature_waypoints` values ('500015','1','-1624.71','93.8664','-17.9479','10000','0','1','0','1','0','14942','14942');
insert into `creature_waypoints` values ('500015','6','-1626.12','95.6799','-17.9479','0','0','1','0','1','0','14942','14942');

# -- Pygmy Cockatrice
insert into `creature_waypoints` values ('500014','5','-1627.62','87.9128','-17.9479','0','0','1','0','1','0','14942','14942');
insert into `creature_waypoints` values ('500014','4','-1630.03','87.9488','-17.9479','10000','0','1','0','1','0','14942','14942');
insert into `creature_waypoints` values ('500014','6','-1628.72','90.9315','-17.9479','10000','0','1','0','1','0','14942','14942');
insert into `creature_waypoints` values ('500014','1','-1627.17','85.6893','-17.9479','10000','0','1','0','1','0','14942','14942');
insert into `creature_waypoints` values ('500014','3','-1626.07','89.1233','-17.9479','0','0','1','0','1','0','14942','14942');
insert into `creature_waypoints` values ('500014','2','-1625.06','84.5888','-17.9479','0','0','1','0','1','0','14942','14942');

# -- Khaz Modan Ram
insert into `creature_waypoints` values ('500010','3','-1622.48','88.78','-17.9482','10000','0','1','0','1','0','14939','14939');
insert into `creature_waypoints` values ('500010','2','-1623.32','85.8273','-17.9479','0','0','1','0','1','0','14939','14939');
insert into `creature_waypoints` values ('500010','1','-1624.45','89.4396','-17.9479','10000','0','1','0','1','0','14939','14939');
insert into `creature_waypoints` values ('500010','6','-1623.15','90.7934','-17.9482','0','0','1','0','1','0','14939','14939');
insert into `creature_waypoints` values ('500010','4','-1623.83','87.9806','-17.9482','0','0','1','0','1','0','14939','14939');
insert into `creature_waypoints` values ('500010','5','-1626.77','87.9876','-17.9482','0','0','1','0','1','0','14939','14939');

# -- Khaz Modan Ram
insert into `creature_waypoints` values ('500009','2','-1638.97','111.073','-17.9465','0','0','1','0','1','0','14939','14939');
insert into `creature_waypoints` values ('500009','3','-1635.86','110.552','-17.9481','0','0','1','0','1','0','14939','14939');
insert into `creature_waypoints` values ('500009','4','-1637.1','109.205','-17.9475','10000','0','1','0','1','0','14939','14939');
insert into `creature_waypoints` values ('500009','1','-1639.8','108.501','-17.9323','10000','0','1','0','1','0','14939','14939');
insert into `creature_waypoints` values ('500009','5','-1637.68','105.761','-17.9475','0','0','1','0','1','0','14939','14939');
insert into `creature_waypoints` values ('500009','6','-1636.99','107.591','-17.9475','10000','0','1','0','1','0','14939','14939');
insert into `creature_waypoints` values ('500009','7','-1640.46','107.232','-17.9356','0','0','1','0','1','0','14939','14939');

# -- Darkmoon Faire Carnies
insert into `creature_waypoints` values ('500005','5','-1633.14','99.3594','-17.9476','0','0','1','0','1','0','14914','14914');
insert into `creature_waypoints` values ('500005','6','-1628.58','90.8704','-17.9476','0','0','1','0','1','0','14914','14914');
insert into `creature_waypoints` values ('500005','4','-1633.23','111.509','-17.9476','0','0','1','0','1','0','14914','14914');
insert into `creature_waypoints` values ('500005','7','-1624.82','91.8861','-17.9476','0','0','1','0','1','0','14914','14914');
insert into `creature_waypoints` values ('500005','3','-1618.99','123.67','-17.812','0','0','1','0','1','0','14914','14914');
insert into `creature_waypoints` values ('500005','8','-1627.81','107.738','-17.9476','0','0','1','0','1','0','14914','14914');
insert into `creature_waypoints` values ('500005','9','-1610.76','118.142','-17.1914','0','0','1','0','1','0','14914','14914');
insert into `creature_waypoints` values ('500005','2','-1585','118.333','-10.8431','0','0','1','0','1','0','14914','14914');

# -- Flik's Frog
insert into `creature_waypoints` values ('500003','39','-1494.94','187.128','-7.79302','0','256','1','0','1','0','14936','14936');
insert into `creature_waypoints` values ('500003','38','-1487.17','196.179','-7.79302','0','256','1','0','1','0','14936','14936');
insert into `creature_waypoints` values ('500003','37','-1486.08','206.477','-7.79302','0','256','1','0','1','0','14936','14936');
insert into `creature_waypoints` values ('500003','36','-1481.04','216.691','-7.79984','0','256','1','0','1','0','14936','14936');
insert into `creature_waypoints` values ('500003','35','-1458.66','208.63','-7.79172','0','256','1','0','1','0','14936','14936');
insert into `creature_waypoints` values ('500003','34','-1469.06','186.825','-7.79172','0','256','1','0','1','0','14936','14936');
insert into `creature_waypoints` values ('500003','33','-1469.87','175.367','-7.79031','0','256','1','0','1','0','14936','14936');
insert into `creature_waypoints` values ('500003','32','-1482.89','187.301','-7.79336','0','256','1','0','1','0','14936','14936');
insert into `creature_waypoints` values ('500003','31','-1497.12','179.346','-7.79336','0','256','1','0','1','0','14936','14936');
insert into `creature_waypoints` values ('500003','30','-1507.17','183.575','-7.79336','0','256','1','0','1','0','14936','14936');
insert into `creature_waypoints` values ('500003','29','-1524.3','164.885','-7.79336','0','256','1','0','1','0','14936','14936');
insert into `creature_waypoints` values ('500003','28','-1541.38','155.221','-7.79336','0','256','1','0','1','0','14936','14936');
insert into `creature_waypoints` values ('500003','27','-1553.33','156.565','-7.79336','0','256','1','0','1','0','14936','14936');
insert into `creature_waypoints` values ('500003','26','-1557.3','143.374','-7.79336','0','256','1','0','1','0','14936','14936');
insert into `creature_waypoints` values ('500003','25','-1567.87','144.18','-7.79336','0','256','1','0','1','0','14936','14936');
insert into `creature_waypoints` values ('500003','24','-1567.9','135.234','-7.84607','0','256','1','0','1','0','14936','14936');
insert into `creature_waypoints` values ('500003','23','-1581.87','122.593','-9.69173','0','256','1','0','1','0','14936','14936');
insert into `creature_waypoints` values ('500003','22','-1579.3','109.901','-9.36838','0','256','1','0','1','0','14936','14936');
insert into `creature_waypoints` values ('500003','21','-1566.63','104.008','-2.95125','0','256','1','0','1','0','14936','14936');
insert into `creature_waypoints` values ('500003','20','-1564.39','95.2517','-5.72308','0','256','1','0','1','0','14936','14936');
insert into `creature_waypoints` values ('500003','19','-1577.51','88.3173','-9.1477','0','256','1','0','1','0','14936','14936');
insert into `creature_waypoints` values ('500003','18','-1591.08','96.105','-10.3712','0','256','1','0','1','0','14936','14936');
insert into `creature_waypoints` values ('500003','17','-1593.58','110.39','-11.9114','0','256','1','0','1','0','14936','14936');
insert into `creature_waypoints` values ('500003','16','-1606.76','123.293','-16.0794','0','256','1','0','1','0','14936','14936');
insert into `creature_waypoints` values ('500003','15','-1613.4','115.485','-17.7468','0','256','1','0','1','0','14936','14936');
insert into `creature_waypoints` values ('500003','14','-1625.92','113.394','-17.9478','0','256','1','0','1','0','14936','14936');
insert into `creature_waypoints` values ('500003','13','-1623.76','119.16','-17.9417','0','256','1','0','1','0','14936','14936');
insert into `creature_waypoints` values ('500003','12','-1617.88','121.571','-17.7737','0','256','1','0','1','0','14936','14936');
insert into `creature_waypoints` values ('500003','11','-1588.33','116.087','-11.9714','0','256','1','0','1','0','14936','14936');
insert into `creature_waypoints` values ('500003','10','-1576.73','124.308','-8.74457','0','256','1','0','1','0','14936','14936');
insert into `creature_waypoints` values ('500003','9','-1572.97','138.473','-7.78416','0','256','1','0','1','0','14936','14936');
insert into `creature_waypoints` values ('500003','8','-1578.53','154.362','-7.76901','0','256','1','0','1','0','14936','14936');
insert into `creature_waypoints` values ('500003','7','-1571.79','158.641','-7.79416','0','256','1','0','1','0','14936','14936');
insert into `creature_waypoints` values ('500003','6','-1568.76','168.15','-7.79416','0','256','1','0','1','0','14936','14936');
insert into `creature_waypoints` values ('500003','5','-1559.07','173.291','-7.77696','0','256','1','0','1','0','14936','14936');
insert into `creature_waypoints` values ('500003','4','-1552.64','167.552','-7.79268','0','256','1','0','1','0','14936','14936');
insert into `creature_waypoints` values ('500003','3','-1545','172.711','-7.77979','0','256','1','0','1','0','14936','14936');
insert into `creature_waypoints` values ('500003','2','-1535.52','169.888','-7.79273','0','256','1','0','1','0','14936','14936');
insert into `creature_waypoints` values ('500003','1','-1523.93','169.622','-7.79273','0','256','1','0','1','0','14936','14936');

# -- Jubjub
insert into `creature_waypoints` values ('500001','35','-1521.4','142.78','-6.28499','0','0','1','0','1','0','14938','14938');
insert into `creature_waypoints` values ('500001','34','-1525.12','126.58','-3.82564','10000','0','1','0','1','0','14938','14938');
insert into `creature_waypoints` values ('500001','33','-1522.5','119.284','-2.45614','0','0','1','0','1','0','14938','14938');
insert into `creature_waypoints` values ('500001','32','-1525.44','121.154','-3.03558','0','0','1','0','1','0','14938','14938');
insert into `creature_waypoints` values ('500001','31','-1523.2','127.071','-3.72861','10000','0','1','0','1','0','14938','14938');
insert into `creature_waypoints` values ('500001','30','-1523.13','124.771','-3.36141','0','0','1','0','1','0','14938','14938');
insert into `creature_waypoints` values ('500001','29','-1526.65','126.185','-3.89768','10000','0','1','0','1','0','14938','14938');
insert into `creature_waypoints` values ('500001','28','-1527.27','123.085','-3.49883','0','0','1','0','1','0','14938','14938');
insert into `creature_waypoints` values ('500001','27','-1521.57','124.123','-3.1178','10000','0','1','0','1','0','14938','14938');
insert into `creature_waypoints` values ('500001','26','-1524.05','122.691','-3.13035','10000','0','1','0','1','0','14938','14938');
insert into `creature_waypoints` values ('500001','25','-1524.85','124.42','-3.46679','10000','0','1','0','1','0','14938','14938');
insert into `creature_waypoints` values ('500001','24','-1540.23','119.655','-4.40167','0','0','1','0','1','0','14938','14938');
insert into `creature_waypoints` values ('500001','23','-1554.86','113.264','-5.82288','0','0','1','0','1','0','14938','14938');
insert into `creature_waypoints` values ('500001','22','-1557.02','108.77','-5.28594','10000','0','1','0','1','0','14938','14938');
insert into `creature_waypoints` values ('500001','21','-1556.25','107.762','-5.14948','10000','0','1','0','1','0','14938','14938');
insert into `creature_waypoints` values ('500001','20','-1557.13','112.06','-5.832','10000','0','1','0','1','0','14938','14938');
insert into `creature_waypoints` values ('500001','19','-1554.19','112.115','-5.69654','10000','0','1','0','1','0','14938','14938');
insert into `creature_waypoints` values ('500001','18','-1554.43','107.678','-5.21897','10000','0','1','0','1','0','14938','14938');
insert into `creature_waypoints` values ('500001','17','-1558.47','109.986','-5.4741','0','0','1','0','1','0','14938','14938');
insert into `creature_waypoints` values ('500001','16','-1552.57','109.267','-5.27702','0','0','1','0','1','0','14938','14938');
insert into `creature_waypoints` values ('500001','15','-1555.2','110.306','-5.54512','10000','0','1','0','1','0','14938','14938');
insert into `creature_waypoints` values ('500001','14','-1540.95','131.428','-5.8618','0','0','1','0','1','0','14938','14938');
insert into `creature_waypoints` values ('500001','13','-1543.62','137.307','-6.91469','0','0','1','0','1','0','14938','14938');
insert into `creature_waypoints` values ('500001','12','-1537.76','143.798','-7.15356','0','0','1','0','1','0','14938','14938');
insert into `creature_waypoints` values ('500001','11','-1527.06','162.747','-7.79164','0','0','1','0','1','0','14938','14938');
insert into `creature_waypoints` values ('500001','10','-1519.45','166.087','-7.79164','0','0','1','0','1','0','14938','14938');
insert into `creature_waypoints` values ('500001','9','-1514.58','152.73','-7.40009','0','0','1','0','1','0','14938','14938');
insert into `creature_waypoints` values ('500001','8','-1508.99','154.14','-7.39118','10000','0','1','0','1','0','14938','14938');
insert into `creature_waypoints` values ('500001','7','-1514.4','148.999','-6.92509','10000','0','1','0','1','0','14938','14938');
insert into `creature_waypoints` values ('500001','6','-1516.48','153.227','-7.47004','0','0','1','0','1','0','14938','14938');
insert into `creature_waypoints` values ('500001','5','-1512.69','152.262','-7.30013','10000','0','1','0','1','0','14938','14938');
insert into `creature_waypoints` values ('500001','4','-1511','151.045','-7.07294','10000','0','1','0','1','0','14938','14938');
insert into `creature_waypoints` values ('500001','3','-1514.13','154.431','-7.56257','10000','0','1','0','1','0','14938','14938');
insert into `creature_waypoints` values ('500001','2','-1511.5','153.952','-7.46492','0','0','1','0','1','0','14938','14938');
insert into `creature_waypoints` values ('500001','1','-1513.84','151.182','-7.19954','0','0','1','0','1','0','14938','14938');


/* Title: Darkmoon Faire NPC Text */
# -- Burth
insert into `npc_text` values ('60000', '1', "If you're trying to be friendly, save your breath. Better yet, just stop breathing all together.", "", '0', '0', '0', '1', '0', '0', '0', '0', '', '', '0', '0', '0', '0', '0', '0', '0', '0', '', '', '0', '0', '0', '0', '0', '0', '0', '0', '', '', '0', '0', '0', '0', '0', '0', '0', '0', '', '', '0', '0', '0', '0', '0', '0', '0', '0', '', '', '0', '0', '0', '0', '0', '0', '0', '0', '', '', '0', '0', '0', '0', '0', '0', '0', '0', '', '', '0', '0', '0', '0', '0', '0', '0' );
insert into `npc_text` values ('60001', '1', "I lived in Dire Maul for a little bit. That was fun. Really.", "", '0', '0', '0', '1', '0', '0', '0', '0', '', '', '0', '0', '0', '0', '0', '0', '0', '0', '', '', '0', '0', '0', '0', '0', '0', '0', '0', '', '', '0', '0', '0', '0', '0', '0', '0', '0', '', '', '0', '0', '0', '0', '0', '0', '0', '0', '', '', '0', '0', '0', '0', '0', '0', '0', '0', '', '', '0', '0', '0', '0', '0', '0', '0', '0', '', '', '0', '0', '0', '0', '0', '0', '0' );
insert into `npc_text` values ('60002', '1', "In case it wasn't obvious, I'm not here for customer relations.", "", '0', '0', '0', '1', '0', '0', '0', '0', '', '', '0', '0', '0', '0', '0', '0', '0', '0', '', '', '0', '0', '0', '0', '0', '0', '0', '0', '', '', '0', '0', '0', '0', '0', '0', '0', '0', '', '', '0', '0', '0', '0', '0', '0', '0', '0', '', '', '0', '0', '0', '0', '0', '0', '0', '0', '', '', '0', '0', '0', '0', '0', '0', '0', '0', '', '', '0', '0', '0', '0', '0', '0', '0' );
insert into `npc_text` values ('60003', '1', "This ain't a ride, clem. Beat it.", "", '0', '0', '0', '1', '0', '0', '0', '0', '', '', '0', '0', '0', '0', '0', '0', '0', '0', '', '', '0', '0', '0', '0', '0', '0', '0', '0', '', '', '0', '0', '0', '0', '0', '0', '0', '0', '', '', '0', '0', '0', '0', '0', '0', '0', '0', '', '', '0', '0', '0', '0', '0', '0', '0', '0', '', '', '0', '0', '0', '0', '0', '0', '0', '0', '', '', '0', '0', '0', '0', '0', '0', '0' );
insert into `npc_text` values ('60004', '1', "You mess with Silas, you mess with me. Have a nice day.", "", '0', '0', '0', '1', '0', '0', '0', '0', '', '', '0', '0', '0', '0', '0', '0', '0', '0', '', '', '0', '0', '0', '0', '0', '0', '0', '0', '', '', '0', '0', '0', '0', '0', '0', '0', '0', '', '', '0', '0', '0', '0', '0', '0', '0', '0', '', '', '0', '0', '0', '0', '0', '0', '0', '0', '', '', '0', '0', '0', '0', '0', '0', '0', '0', '', '', '0', '0', '0', '0', '0', '0', '0' );
insert into `npc_text` values ('60005', '1', "Move along, rube.", "", '0', '0', '0', '1', '0', '0', '0', '0', '', '', '0', '0', '0', '0', '0', '0', '0', '0', '', '', '0', '0', '0', '0', '0', '0', '0', '0', '', '', '0', '0', '0', '0', '0', '0', '0', '0', '', '', '0', '0', '0', '0', '0', '0', '0', '0', '', '', '0', '0', '0', '0', '0', '0', '0', '0', '', '', '0', '0', '0', '0', '0', '0', '0', '0', '', '', '0', '0', '0', '0', '0', '0', '0' );
insert into `npc_text` values ('60006', '1', "I need a second head like I need to lose my first one.", "", '0', '0', '0', '1', '0', '0', '0', '0', '', '', '0', '0', '0', '0', '0', '0', '0', '0', '', '', '0', '0', '0', '0', '0', '0', '0', '0', '', '', '0', '0', '0', '0', '0', '0', '0', '0', '', '', '0', '0', '0', '0', '0', '0', '0', '0', '', '', '0', '0', '0', '0', '0', '0', '0', '0', '', '', '0', '0', '0', '0', '0', '0', '0', '0', '', '', '0', '0', '0', '0', '0', '0', '0' );
insert into `npc_text` values ('60050', '1', "Unlike most orges - I do know what an outhouse is for - giving you a swirlie. Now beat it.", "", '0', '0', '0', '1', '0', '0', '0', '0', '', '', '0', '0', '0', '0', '0', '0', '0', '0', '', '', '0', '0', '0', '0', '0', '0', '0', '0', '', '', '0', '0', '0', '0', '0', '0', '0', '0', '', '', '0', '0', '0', '0', '0', '0', '0', '0', '', '', '0', '0', '0', '0', '0', '0', '0', '0', '', '', '0', '0', '0', '0', '0', '0', '0', '0', '', '', '0', '0', '0', '0', '0', '0', '0' );

# -- Darkmoon Faire Carnies
insert into `npc_text` values ('60007', '1', "Sure are a lot of litter bugs around here.", "", '0', '1', '0', '0', '0', '0', '0', '0', '', '', '0', '0', '0', '0', '0', '0', '0', '0', '', '', '0', '0', '0', '0', '0', '0', '0', '0', '', '', '0', '0', '0', '0', '0', '0', '0', '0', '', '', '0', '0', '0', '0', '0', '0', '0', '0', '', '', '0', '0', '0', '0', '0', '0', '0', '0', '', '', '0', '0', '0', '0', '0', '0', '0', '0', '', '', '0', '0', '0', '0', '0', '0', '0' );
insert into `npc_text` values ('60008', '1', "Don't forget to buy refreshments and souvenirs!", "", '0', '1', '0', '0', '0', '0', '0', '0', '', '', '0', '0', '0', '0', '0', '0', '0', '0', '', '', '0', '0', '0', '0', '0', '0', '0', '0', '', '', '0', '0', '0', '0', '0', '0', '0', '0', '', '', '0', '0', '0', '0', '0', '0', '0', '0', '', '', '0', '0', '0', '0', '0', '0', '0', '0', '', '', '0', '0', '0', '0', '0', '0', '0', '0', '', '', '0', '0', '0', '0', '0', '0', '0' );
insert into `npc_text` values ('60009', '1', "Having a good time?", "", '0', '6', '0', '0', '0', '0', '0', '0', '', '', '0', '0', '0', '0', '0', '0', '0', '0', '', '', '0', '0', '0', '0', '0', '0', '0', '0', '', '', '0', '0', '0', '0', '0', '0', '0', '0', '', '', '0', '0', '0', '0', '0', '0', '0', '0', '', '', '0', '0', '0', '0', '0', '0', '0', '0', '', '', '0', '0', '0', '0', '0', '0', '0', '0', '', '', '0', '0', '0', '0', '0', '0', '0' );
insert into `npc_text` values ('60010', '1', "The Darkmoon Faire is the greatest event on all of Azeroth!", "", '0', '4', '0', '0', '0', '0', '0', '0', '', '', '0', '0', '0', '0', '0', '0', '0', '0', '', '', '0', '0', '0', '0', '0', '0', '0', '0', '', '', '0', '0', '0', '0', '0', '0', '0', '0', '', '', '0', '0', '0', '0', '0', '0', '0', '0', '', '', '0', '0', '0', '0', '0', '0', '0', '0', '', '', '0', '0', '0', '0', '0', '0', '0', '0', '', '', '0', '0', '0', '0', '0', '0', '0' );

# -- Flik's Frog
insert into `npc_text` values ('60011', '1', "Kiss me.", "", '0', '0', '0', '0', '0', '0', '0', '0', '', '', '0', '0', '0', '0', '0', '0', '0', '0', '', '', '0', '0', '0', '0', '0', '0', '0', '0', '', '', '0', '0', '0', '0', '0', '0', '0', '0', '', '', '0', '0', '0', '0', '0', '0', '0', '0', '', '', '0', '0', '0', '0', '0', '0', '0', '0', '', '', '0', '0', '0', '0', '0', '0', '0', '0', '', '', '0', '0', '0', '0', '0', '0', '0' );
insert into `npc_text` values ('60012', '1', "Ribbit.", "", '0', '0', '0', '0', '0', '0', '0', '0', '', '', '0', '0', '0', '0', '0', '0', '0', '0', '', '', '0', '0', '0', '0', '0', '0', '0', '0', '', '', '0', '0', '0', '0', '0', '0', '0', '0', '', '', '0', '0', '0', '0', '0', '0', '0', '0', '', '', '0', '0', '0', '0', '0', '0', '0', '0', '', '', '0', '0', '0', '0', '0', '0', '0', '0', '', '', '0', '0', '0', '0', '0', '0', '0' );

# -- Silas Darkmoon
insert into `npc_text` values ('60013', '1', "Greetings my friend, and welcome to the greatest show on Azeroth!$B$BPlease, step right up and take in all we have to offer. Amaze at the wonders that the Darkmoon Faire has uncovered in this vast and mysterious world! We have spared no expense in bringing you excitement that children of all ages will delight in!", "", '0', '0', '0', '1', '0', '0', '0', '0', '', '', '0', '0', '0', '0', '0', '0', '0', '0', '', '', '0', '0', '0', '0', '0', '0', '0', '0', '', '', '0', '0', '0', '0', '0', '0', '0', '0', '', '', '0', '0', '0', '0', '0', '0', '0', '0', '', '', '0', '0', '0', '0', '0', '0', '0', '0', '', '', '0', '0', '0', '0', '0', '0', '0', '0', '', '', '0', '0', '0', '0', '0', '0', '0' );
insert into `npc_text` values ('60014', '1', "It's not always about money, clem! While we receive generous donations - some extremely substantial - our traveling troupe of performers is fueled creatively by a need to brighten this war-torn world. Don't worry about us, but instead let us worry about how to best entertain you.", "", '0', '0', '0', '1', '0', '0', '0', '0', '', '', '0', '0', '0', '0', '0', '0', '0', '0', '', '', '0', '0', '0', '0', '0', '0', '0', '0', '', '', '0', '0', '0', '0', '0', '0', '0', '0', '', '', '0', '0', '0', '0', '0', '0', '0', '0', '', '', '0', '0', '0', '0', '0', '0', '0', '0', '', '', '0', '0', '0', '0', '0', '0', '0', '0', '', '', '0', '0', '0', '0', '0', '0', '0' );

# -- Professor Thaddeus Paleo
insert into `npc_text` values ('60016', '1', "Welcome to the Faire young one! We have collected wonders from all over the world for your perusal. Oh and please let me know if you manage to collect a set of the lesser darkmoon cards, as the master...I mean I would be keenly interested in them.", "", '0', '0', '0', '0', '0', '0', '0', '0', '', '', '0', '0', '0', '0', '0', '0', '0', '0', '', '', '0', '0', '0', '0', '0', '0', '0', '0', '', '', '0', '0', '0', '0', '0', '0', '0', '0', '', '', '0', '0', '0', '0', '0', '0', '0', '0', '', '', '0', '0', '0', '0', '0', '0', '0', '0', '', '', '0', '0', '0', '0', '0', '0', '0', '0', '', '', '0', '0', '0', '0', '0', '0', '0' );
insert into `npc_text` values ('60017', '1', "We have seeded Darkmoon Cards around the world to see if any worthy individuals could complete a set of any of the eight suits. If you manage to collect all eight cards of one of the suits we will reward you with one of the Greater Darkmoon cards that functions as a powerful trinket as well as a link to the Darkmoon Faire.", "", '0', '0', '0', '0', '0', '0', '0', '0', '', '', '0', '0', '0', '0', '0', '0', '0', '0', '', '', '0', '0', '0', '0', '0', '0', '0', '0', '', '', '0', '0', '0', '0', '0', '0', '0', '0', '', '', '0', '0', '0', '0', '0', '0', '0', '0', '', '', '0', '0', '0', '0', '0', '0', '0', '0', '', '', '0', '0', '0', '0', '0', '0', '0', '0', '', '', '0', '0', '0', '0', '0', '0', '0' );
insert into `npc_text` values ('60018', '1', "If you manage to complete a deck of Beast cards you will be rewarded with a Greater Darkmoon card of the Blue Dragon. This is very useful in restoring of magical energies.", "", '0', '0', '0', '0', '0', '0', '0', '0', '', '', '0', '0', '0', '0', '0', '0', '0', '0', '', '', '0', '0', '0', '0', '0', '0', '0', '0', '', '', '0', '0', '0', '0', '0', '0', '0', '0', '', '', '0', '0', '0', '0', '0', '0', '0', '0', '', '', '0', '0', '0', '0', '0', '0', '0', '0', '', '', '0', '0', '0', '0', '0', '0', '0', '0', '', '', '0', '0', '0', '0', '0', '0', '0' );
insert into `npc_text` values ('60019', '1', "If you manage to complete a deck of Portals cards you will be rewarded with a Greater Darkmoon card of the Twisting Nether. This card will occasionally pull your spirit back into your body after death and restore you.", "", '0', '0', '0', '0', '0', '0', '0', '0', '', '', '0', '0', '0', '0', '0', '0', '0', '0', '', '', '0', '0', '0', '0', '0', '0', '0', '0', '', '', '0', '0', '0', '0', '0', '0', '0', '0', '', '', '0', '0', '0', '0', '0', '0', '0', '0', '', '', '0', '0', '0', '0', '0', '0', '0', '0', '', '', '0', '0', '0', '0', '0', '0', '0', '0', '', '', '0', '0', '0', '0', '0', '0', '0' );
insert into `npc_text` values ('60020', '1', "If you manage to complete a deck of Elementals cards you will be rewarded with a Greater Darkmoon card of the Maelstrom. This card will occasionally impact an enemy you are fighting with for heavy damage.", "", '0', '0', '0', '0', '0', '0', '0', '0', '', '', '0', '0', '0', '0', '0', '0', '0', '0', '', '', '0', '0', '0', '0', '0', '0', '0', '0', '', '', '0', '0', '0', '0', '0', '0', '0', '0', '', '', '0', '0', '0', '0', '0', '0', '0', '0', '', '', '0', '0', '0', '0', '0', '0', '0', '0', '', '', '0', '0', '0', '0', '0', '0', '0', '0', '', '', '0', '0', '0', '0', '0', '0', '0' );
insert into `npc_text` values ('60021', '1', "If you manage to complete a deck of Warlords cards you will be rewarded with a Greater Darkmoon card of Heroism. This card will occasionally heal you while you are engaged in melee combat.", "", '0', '0', '0', '0', '0', '0', '0', '0', '', '', '0', '0', '0', '0', '0', '0', '0', '0', '', '', '0', '0', '0', '0', '0', '0', '0', '0', '', '', '0', '0', '0', '0', '0', '0', '0', '0', '', '', '0', '0', '0', '0', '0', '0', '0', '0', '', '', '0', '0', '0', '0', '0', '0', '0', '0', '', '', '0', '0', '0', '0', '0', '0', '0', '0', '', '', '0', '0', '0', '0', '0', '0', '0' );
insert into `npc_text` values ('60022', '1', "If you manage to complete a deck of Furies cards you will be rewarded with a Greater Darkmoon card of Vengeance. While wielding this card anyone who strikes you has a chance of suffering holy vengeance.", "", '0', '0', '0', '0', '0', '0', '0', '0', '', '', '0', '0', '0', '0', '0', '0', '0', '0', '', '', '0', '0', '0', '0', '0', '0', '0', '0', '', '', '0', '0', '0', '0', '0', '0', '0', '0', '', '', '0', '0', '0', '0', '0', '0', '0', '0', '', '', '0', '0', '0', '0', '0', '0', '0', '0', '', '', '0', '0', '0', '0', '0', '0', '0', '0', '', '', '0', '0', '0', '0', '0', '0', '0' );
insert into `npc_text` values ('60023', '1', "If you manage to complete a deck of Lunacy cards you will be rewarded with a Greater Darkmoon card of Madness. The power of madness will fill you each time you slay an enemy.", "", '0', '0', '0', '0', '0', '0', '0', '0', '', '', '0', '0', '0', '0', '0', '0', '0', '0', '', '', '0', '0', '0', '0', '0', '0', '0', '0', '', '', '0', '0', '0', '0', '0', '0', '0', '0', '', '', '0', '0', '0', '0', '0', '0', '0', '0', '', '', '0', '0', '0', '0', '0', '0', '0', '0', '', '', '0', '0', '0', '0', '0', '0', '0', '0', '', '', '0', '0', '0', '0', '0', '0', '0' );
insert into `npc_text` values ('60024', '1', "If you manage to complete a deck of Blessings cards you will be rewarded with a Greater Darkmoon card of Crusade. This will increase the damage you do with your spells and attacks as you continue to fight.", "", '0', '0', '0', '0', '0', '0', '0', '0', '', '', '0', '0', '0', '0', '0', '0', '0', '0', '', '', '0', '0', '0', '0', '0', '0', '0', '0', '', '', '0', '0', '0', '0', '0', '0', '0', '0', '', '', '0', '0', '0', '0', '0', '0', '0', '0', '', '', '0', '0', '0', '0', '0', '0', '0', '0', '', '', '0', '0', '0', '0', '0', '0', '0', '0', '', '', '0', '0', '0', '0', '0', '0', '0' );
insert into `npc_text` values ('60025', '1', "If you manage to complete a deck of Storms cards you will be rewarded with a Greater Darkmoon card of Wrath. This will increase your chance to get a critical hit with spells or physical attacks until you achieve one.", "", '0', '0', '0', '0', '0', '0', '0', '0', '', '', '0', '0', '0', '0', '0', '0', '0', '0', '', '', '0', '0', '0', '0', '0', '0', '0', '0', '', '', '0', '0', '0', '0', '0', '0', '0', '0', '', '', '0', '0', '0', '0', '0', '0', '0', '0', '', '', '0', '0', '0', '0', '0', '0', '0', '0', '', '', '0', '0', '0', '0', '0', '0', '0', '0', '', '', '0', '0', '0', '0', '0', '0', '0' );

# -- Sayge
insert into `npc_text` values ('60026', '1', "I have long known you'd seek me out, $N.$B$BEvery sentient being in this world is driven by the choices they make. Choices begat further choices, and these in turn make someone who they are. This is where your fortune is drawn from - who you are, and the choices you make.$B$BAre you ready to discover where your fortune lies?", "", '0', '0', '0', '0', '0', '0', '0', '0', '', '', '0', '0', '0', '0', '0', '0', '0', '0', '', '', '0', '0', '0', '0', '0', '0', '0', '0', '', '', '0', '0', '0', '0', '0', '0', '0', '0', '', '', '0', '0', '0', '0', '0', '0', '0', '0', '', '', '0', '0', '0', '0', '0', '0', '0', '0', '', '', '0', '0', '0', '0', '0', '0', '0', '0', '', '', '0', '0', '0', '0', '0', '0', '0' );
insert into `npc_text` values ('60027', '1', "Very well then...$B$BYou have been tasked by your liege to guard his fields of corn from poachers and thieves. One night on patrol, you stumble across a haggard man in thread-bare clothing stealing corn from the field. You quickly confront him, and he immediately begs for his life. he claims he is stealing the corn to feed his family since the lord of the land - your liege - demands too much in taxes. Your liege is indeed known for his harsh taxes throughout the land.$B$BMake your choice.", "", '0', '0', '0', '0', '0', '0', '0', '0', '', '', '0', '0', '0', '0', '0', '0', '0', '0', '', '', '0', '0', '0', '0', '0', '0', '0', '0', '', '', '0', '0', '0', '0', '0', '0', '0', '0', '', '', '0', '0', '0', '0', '0', '0', '0', '0', '', '', '0', '0', '0', '0', '0', '0', '0', '0', '', '', '0', '0', '0', '0', '0', '0', '0', '0', '', '', '0', '0', '0', '0', '0', '0', '0' );
insert into `npc_text` values ('60028', '1', "Your next choice awaits.$B$BYou are the sworn executioner for your liege. A man has been sent to you for execution as a traitor of the liege and your people. You know this individual as a close, virtuous friend who mysteriously vanished one day. You also know that the man's crimes for which he was convicted supposedly caused the deaths of many innocent civilians. Upon seeing you he begs for his life, claiming he was framed by a higher authority.$B$BMake your choice.", "", '0', '0', '0', '0', '0', '0', '0', '0', '', '', '0', '0', '0', '0', '0', '0', '0', '0', '', '', '0', '0', '0', '0', '0', '0', '0', '0', '', '', '0', '0', '0', '0', '0', '0', '0', '0', '', '', '0', '0', '0', '0', '0', '0', '0', '0', '', '', '0', '0', '0', '0', '0', '0', '0', '0', '', '', '0', '0', '0', '0', '0', '0', '0', '0', '', '', '0', '0', '0', '0', '0', '0', '0' );
insert into `npc_text` values ('60029', '1', "Your next choice awaits.$B$BYou are on a diplomatic mission for your liege to a cruel country that is currently at war with yours. The war has been costly on both sides. Your mission is to secure a peace that is honorable to both peoples.$B$BAt a diplomatic dinner, you overhear the rules of the opposing land viciously insult your benevolent liege. You are fairly certain the ruler meant to say it out of your earshot, but nonetheless he has besmirched your liege's honor.$B$BMake your choice.", "", '0', '0', '0', '0', '0', '0', '0', '0', '', '', '0', '0', '0', '0', '0', '0', '0', '0', '', '', '0', '0', '0', '0', '0', '0', '0', '0', '', '', '0', '0', '0', '0', '0', '0', '0', '0', '', '', '0', '0', '0', '0', '0', '0', '0', '0', '', '', '0', '0', '0', '0', '0', '0', '0', '0', '', '', '0', '0', '0', '0', '0', '0', '0', '0', '', '', '0', '0', '0', '0', '0', '0', '0' );
insert into `npc_text` values ('60030', '1', "Your next choice awaits.$B$BYour brother seeks to join the ranks of the prestigious military order you are already a part of. While you are sure of his commitment and loyalty, his talent and ability to perform and arduous tasks of the order is what you question. While you are not certain he will be able to rise to the challenge of the order - putting you and others in danger - you are certain that your word alone would allow him in or keep him out.$B$BMake your choice.", "", '0', '0', '0', '0', '0', '0', '0', '0', '', '', '0', '0', '0', '0', '0', '0', '0', '0', '', '', '0', '0', '0', '0', '0', '0', '0', '0', '', '', '0', '0', '0', '0', '0', '0', '0', '0', '', '', '0', '0', '0', '0', '0', '0', '0', '0', '', '', '0', '0', '0', '0', '0', '0', '0', '0', '', '', '0', '0', '0', '0', '0', '0', '0', '0', '', '', '0', '0', '0', '0', '0', '0', '0' );
insert into `npc_text` values ('60031', '1', "Your next choice awaits.$B$BYou alone have defeated a terrible beast that has been ravaging the countryside, taking its ear as a trophy. You later learn that your liege had offered a reward for the beast's death, and that a kind but destitute knight who you know is trying to support a family by meager means claims the beast's kill as his own. You have no real need for money yourself, but you know that the destitute knight is lying for his own personal gain.$B$BMake your choice.", "", '0', '0', '0', '0', '0', '0', '0', '0', '', '', '0', '0', '0', '0', '0', '0', '0', '0', '', '', '0', '0', '0', '0', '0', '0', '0', '0', '', '', '0', '0', '0', '0', '0', '0', '0', '0', '', '', '0', '0', '0', '0', '0', '0', '0', '0', '', '', '0', '0', '0', '0', '0', '0', '0', '0', '', '', '0', '0', '0', '0', '0', '0', '0', '0', '', '', '0', '0', '0', '0', '0', '0', '0' );
insert into `npc_text` values ('60032', '1', "Your fortune is cast, $C. For the next few hours, you will find your spirit in tune with your true nature. Be careful, as your fortune - and your fate - are never as clear as you might think them to be.$B$BIf you would like a small glimpse of something to ponder in your fortune, by all means let me know. I'd be happy to give you a written fortune, provided you have room in your inventory. It is one drawn from the insight you have shown in answering my questions.", "", '0', '0', '0', '0', '0', '0', '0', '0', '', '', '0', '0', '0', '0', '0', '0', '0', '0', '', '', '0', '0', '0', '0', '0', '0', '0', '0', '', '', '0', '0', '0', '0', '0', '0', '0', '0', '', '', '0', '0', '0', '0', '0', '0', '0', '0', '', '', '0', '0', '0', '0', '0', '0', '0', '0', '', '', '0', '0', '0', '0', '0', '0', '0', '0', '', '', '0', '0', '0', '0', '0', '0', '0' );
insert into `npc_text` values ('60033', '1', "Here is your fortune, $N. May it serve you well.", "", '0', '0', '0', '0', '0', '0', '0', '0', '', '', '0', '0', '0', '0', '0', '0', '0', '0', '', '', '0', '0', '0', '0', '0', '0', '0', '0', '', '', '0', '0', '0', '0', '0', '0', '0', '0', '', '', '0', '0', '0', '0', '0', '0', '0', '0', '', '', '0', '0', '0', '0', '0', '0', '0', '0', '', '', '0', '0', '0', '0', '0', '0', '0', '0', '', '', '0', '0', '0', '0', '0', '0', '0' );
insert into `npc_text` values ('60034', '1', "Alas... I am sorry to say I cannot currently give you your fortune, as you have recently received a fortune reading from me.$B$BReturn to me in several hours from when you first received your fortune. The forces of Fate will have properly recalibrated themselves, and I will be able to see into your future.", "", '0', '0', '0', '0', '0', '0', '0', '0', '', '', '0', '0', '0', '0', '0', '0', '0', '0', '', '', '0', '0', '0', '0', '0', '0', '0', '0', '', '', '0', '0', '0', '0', '0', '0', '0', '0', '', '', '0', '0', '0', '0', '0', '0', '0', '0', '', '', '0', '0', '0', '0', '0', '0', '0', '0', '', '', '0', '0', '0', '0', '0', '0', '0', '0', '', '', '0', '0', '0', '0', '0', '0', '0' );

# -- Selina Dourman
insert into `npc_text` values ('60035', '1', "Hello $C, and welcome to the Darkmoon Faire. There is so much to do here at the faire that it can be a little overwhelming for our first time visitors. That's why I'm here to help. Do you have any questions?", "", '0', '1', '0', '0', '0', '0', '0', '0', '', '', '0', '0', '0', '0', '0', '0', '0', '0', '', '', '0', '0', '0', '0', '0', '0', '0', '0', '', '', '0', '0', '0', '0', '0', '0', '0', '0', '', '', '0', '0', '0', '0', '0', '0', '0', '0', '', '', '0', '0', '0', '0', '0', '0', '0', '0', '', '', '0', '0', '0', '0', '0', '0', '0', '0', '', '', '0', '0', '0', '0', '0', '0', '0' );
insert into `npc_text` values ('60036', '1', "An excellent question! We have many things for sale here at the faire. If you are interested in food and drink, then head over to Stamp and Sylannia\'s booth. My favorite is the Darkmoon Special Reserve.$B$BIf you'd rather purchase something more exotic, then Lhara may have just the thing for you. She specializes in rarities from all over the world.$B$BAnd then there is Flik running around here somewhere. If you can grab him he sells balls for throwing and frogs to keep as pets.", "", '0', '1', '1', '1', '0', '0', '0', '0', '', '', '0', '0', '0', '0', '0', '0', '0', '0', '', '', '0', '0', '0', '0', '0', '0', '0', '0', '', '', '0', '0', '0', '0', '0', '0', '0', '0', '', '', '0', '0', '0', '0', '0', '0', '0', '0', '', '', '0', '0', '0', '0', '0', '0', '0', '0', '', '', '0', '0', '0', '0', '0', '0', '0', '0', '', '', '0', '0', '0', '0', '0', '0', '0' );
insert into `npc_text` values ('60037', '1', "Glad you asked. Darkmoon Faire Prize Tickets are our way of letting you help with the faire, and in return you can turn in your tickets for special prizes!$B$BTo get started you'll want to talk to Chronos, Kerri Hicks, Ringling and Yebb Nebblegear to see who you can best help. They always have something that needs doing to improve and expand our attractions.$B$BThen when you have enough tickets, speak with Gelvas Grimegate and he will give you a list of prizes to choose from.", "", '0', '1', '1', '1', '0', '0', '0', '0', '', '', '0', '0', '0', '0', '0', '0', '0', '0', '', '', '0', '0', '0', '0', '0', '0', '0', '0', '', '', '0', '0', '0', '0', '0', '0', '0', '0', '', '', '0', '0', '0', '0', '0', '0', '0', '0', '', '', '0', '0', '0', '0', '0', '0', '0', '0', '', '', '0', '0', '0', '0', '0', '0', '0', '0', '', '', '0', '0', '0', '0', '0', '0', '0' );
insert into `npc_text` values ('60038', '1', "No one really knows who made the Darkmoon Cards or what their true purpose is, but I can tell you that they have been found all over Azeroth, usually in the hands of a villain attempting to unlock their mysteries.", "", '0', '1', '1', '1', '0', '0', '0', '0', '', '', '0', '0', '0', '0', '0', '0', '0', '0', '', '', '0', '0', '0', '0', '0', '0', '0', '0', '', '', '0', '0', '0', '0', '0', '0', '0', '0', '', '', '0', '0', '0', '0', '0', '0', '0', '0', '', '', '0', '0', '0', '0', '0', '0', '0', '0', '', '', '0', '0', '0', '0', '0', '0', '0', '0', '', '', '0', '0', '0', '0', '0', '0', '0' );
insert into `npc_text` values ('60039', '1', "There are eight types of Darkmoon Cards; Beasts, Blessings, Elementals, Furies, Lunacy, Portals, Storms and Warlords, with eight cards, Ace to Eight in each suit. If you collect all eight of one suit then you can turn them into a deck that you can give to our Professor Thaddeus Paleo in exchange for a powerful trinket.", "", '0', '1', '1', '1', '0', '0', '0', '0', '', '', '0', '0', '0', '0', '0', '0', '0', '0', '', '', '0', '0', '0', '0', '0', '0', '0', '0', '', '', '0', '0', '0', '0', '0', '0', '0', '0', '', '', '0', '0', '0', '0', '0', '0', '0', '0', '', '', '0', '0', '0', '0', '0', '0', '0', '0', '', '', '0', '0', '0', '0', '0', '0', '0', '0', '', '', '0', '0', '0', '0', '0', '0', '0' );
insert into `npc_text` values ('60040', '1', "I highly recommend that you visit Sayge to get your fortune told. I know, I know... he's a gnoll. But he's a very special gnoll with the power to divine your fortune!$B$BAnd we are constantly expanding the faire with all manner of new attractions!", "", '0', '1', '0', '0', '0', '0', '0', '0', '', '', '0', '0', '0', '0', '0', '0', '0', '0', '', '', '0', '0', '0', '0', '0', '0', '0', '0', '', '', '0', '0', '0', '0', '0', '0', '0', '0', '', '', '0', '0', '0', '0', '0', '0', '0', '0', '', '', '0', '0', '0', '0', '0', '0', '0', '0', '', '', '0', '0', '0', '0', '0', '0', '0', '0', '', '', '0', '0', '0', '0', '0', '0', '0' );
insert into `npc_text` values ('60041', '1', "Our newest attraction, and at no cost to you I might add, these miniature tanks, or Tonks as we've cleverly named them, can be controlled from any of the Tonk Control Consoles spread throughout the faire.$B$BAll that you have to do is activate an available control console. Each tonk will come equipped with a stock set of devices, and a random special power to unleash upon your enemy!$B$BHold epic battles with your friends, cruise around, or just cause wild mayhem... the choice is yours!", "", '0', '1', '0', '0', '0', '0', '0', '0', '', '', '0', '0', '0', '0', '0', '0', '0', '0', '', '', '0', '0', '0', '0', '0', '0', '0', '0', '', '', '0', '0', '0', '0', '0', '0', '0', '0', '', '', '0', '0', '0', '0', '0', '0', '0', '0', '', '', '0', '0', '0', '0', '0', '0', '0', '0', '', '', '0', '0', '0', '0', '0', '0', '0', '0', '', '', '0', '0', '0', '0', '0', '0', '0' );
insert into `npc_text` values ('60042', '1', "The Blastenheimer 5000 Ultra Cannon is a state-of-the-art single person projectile device. Delivering its payload at near the speed of a dragon, the cannon is the pride and joy of the Blastenheimer family, world renown for their aeronautical and combustible feats!$B$BIf you'd like to be launched through the skies to fly free as a bird, seek out Maxima Blastenheimer on the east end of the faire. I hear that she's placed a target ring way over on Crystal Lake for you to aim for as you sail through the air!", "", '0', '1', '0', '0', '0', '0', '0', '0', '', '', '0', '0', '0', '0', '0', '0', '0', '0', '', '', '0', '0', '0', '0', '0', '0', '0', '0', '', '', '0', '0', '0', '0', '0', '0', '0', '0', '', '', '0', '0', '0', '0', '0', '0', '0', '0', '', '', '0', '0', '0', '0', '0', '0', '0', '0', '', '', '0', '0', '0', '0', '0', '0', '0', '0', '', '', '0', '0', '0', '0', '0', '0', '0' );

# -- Morja
insert into `npc_text` values ('60015', '1', "I can't find my pet frog, Jubjub. She loves Dark Iron Ale, it's all she ever drinks, but can be so hard to get! Now I'm out... and Jubjub must have run away to find more!$B$BI wish she would come back...", "", '0', '0', '0', '0', '0', '0', '0', '0', '', '', '0', '0', '0', '0', '0', '0', '0', '0', '', '', '0', '0', '0', '0', '0', '0', '0', '0', '', '', '0', '0', '0', '0', '0', '0', '0', '0', '', '', '0', '0', '0', '0', '0', '0', '0', '0', '', '', '0', '0', '0', '0', '0', '0', '0', '0', '', '', '0', '0', '0', '0', '0', '0', '0', '0', '', '', '0', '0', '0', '0', '0', '0', '0' );
delete from `npc_gossip_textid` where (`creatureid`='14871');
insert into `npc_gossip_textid` values ( '14871', '60015');

# -- Kerri Hicks
insert into `npc_text` values ('60043', '1', "Welcome to the Darkmoon Faire, $C!$B$BMy name is Kerri Hicks and I'd shake your hand but I'm afraid I'd break it, because I'm the strongest woman alive!", "", '0', '23', '0', '0', '0', '0', '0', '0', '', '', '0', '0', '0', '0', '0', '0', '0', '0', '', '', '0', '0', '0', '0', '0', '0', '0', '0', '', '', '0', '0', '0', '0', '0', '0', '0', '0', '', '', '0', '0', '0', '0', '0', '0', '0', '0', '', '', '0', '0', '0', '0', '0', '0', '0', '0', '', '', '0', '0', '0', '0', '0', '0', '0', '0', '', '', '0', '0', '0', '0', '0', '0', '0' );
delete from `npc_gossip_textid` where (`creatureid`='14832');
insert into `npc_gossip_textid` values ( '14832', '60043');

# -- Yebb Neblegear
insert into `npc_text` values ('60044', '1', "Welcome! Welcome to Yebb Neblegear's Darkmoon Zoo Bizarre - a Trove of Living Legends and Mythical Oddities! Enjoy your visit, friend!$B$BBut me mindful of what you touch! These exhibits hold artifacts and beasts both dire and devine! They might burn the wayward hand of an over-curious onlooker...", "", '0', '1', '0', '0', '0', '0', '0', '0', '', '', '0', '0', '0', '0', '0', '0', '0', '0', '', '', '0', '0', '0', '0', '0', '0', '0', '0', '', '', '0', '0', '0', '0', '0', '0', '0', '0', '', '', '0', '0', '0', '0', '0', '0', '0', '0', '', '', '0', '0', '0', '0', '0', '0', '0', '0', '', '', '0', '0', '0', '0', '0', '0', '0', '0', '', '', '0', '0', '0', '0', '0', '0', '0' );
delete from `npc_gossip_textid` where (`creatureid`='14829');
insert into `npc_gossip_textid` values ( '14829', '60044');

# -- Rinling
insert into `npc_text` values ('60045', '1', "Hello! And welcome! I'm afraid my booth is not open... many repairs are needed...$B$BBut I am still bound by blood oath to put a smile on your face. So please, smile, or I must cut off my hand and consume no living flesh until it regenerates...", "", '0', '1', '0', '6', '0', '0', '0', '0', '', '', '0', '0', '0', '0', '0', '0', '0', '0', '', '', '0', '0', '0', '0', '0', '0', '0', '0', '', '', '0', '0', '0', '0', '0', '0', '0', '0', '', '', '0', '0', '0', '0', '0', '0', '0', '0', '', '', '0', '0', '0', '0', '0', '0', '0', '0', '', '', '0', '0', '0', '0', '0', '0', '0', '0', '', '', '0', '0', '0', '0', '0', '0', '0' );
delete from `npc_gossip_textid` where (`creatureid`='14841');
insert into `npc_gossip_textid` values ( '14841', '60045');

# -- Chronos
insert into `npc_text` values ('60046', '1', "Greetings. I am Chronos - He Who Never Forgets. My memory is without flaw, and exact to the most minor detail.$B$BTrust me.", "", '0', '1', '0', '0', '0', '0', '0', '0', '', '', '0', '0', '0', '0', '0', '0', '0', '0', '', '', '0', '0', '0', '0', '0', '0', '0', '0', '', '', '0', '0', '0', '0', '0', '0', '0', '0', '', '', '0', '0', '0', '0', '0', '0', '0', '0', '', '', '0', '0', '0', '0', '0', '0', '0', '0', '', '', '0', '0', '0', '0', '0', '0', '0', '0', '', '', '0', '0', '0', '0', '0', '0', '0' );
delete from `npc_gossip_textid` where (`creatureid`='14833');
insert into `npc_gossip_textid` values ( '14833', '60046');

# -- Gelvas Grimegate
insert into `npc_text` values ('60047', '1', "Ticket redemption here! Get your tickets turned into prizes! Step right up!", "", '0', '5', '0', '0', '0', '0', '0', '0', '', '', '0', '0', '0', '0', '0', '0', '0', '0', '', '', '0', '0', '0', '0', '0', '0', '0', '0', '', '', '0', '0', '0', '0', '0', '0', '0', '0', '', '', '0', '0', '0', '0', '0', '0', '0', '0', '', '', '0', '0', '0', '0', '0', '0', '0', '0', '', '', '0', '0', '0', '0', '0', '0', '0', '0', '', '', '0', '0', '0', '0', '0', '0', '0' );
delete from `npc_gossip_textid` where (`creatureid`='14828');
insert into `npc_gossip_textid` values ('14828', '60047');

# -- Maxima Blastenheimer
insert into `npc_text` values ('60048', '1', "Welcome! Step right up, don't be shy. This here is my pride and joy... the Blastenheimer 5000 Ultra Cannon! Ain't she pretty? You look a little big around the mid section, but I think you'll fit. Flying is so much fun, want to learn how?", "", '0', '1', '1', '0', '0', '0', '0', '0', '', '', '0', '0', '0', '0', '0', '0', '0', '0', '', '', '0', '0', '0', '0', '0', '0', '0', '0', '', '', '0', '0', '0', '0', '0', '0', '0', '0', '', '', '0', '0', '0', '0', '0', '0', '0', '0', '', '', '0', '0', '0', '0', '0', '0', '0', '0', '', '', '0', '0', '0', '0', '0', '0', '0', '0', '', '', '0', '0', '0', '0', '0', '0', '0' );
insert into `npc_text` values ('60049', '1', 'Oh that\'s simple! You use it like anything else you might activate. Don\'t worry, I\'ll take care of lighting the fuse. Once you\'re up in the air you\'ll notice that you\'ll seem to "float," but that won\'t last forever. What you\'re aiming for is a target on the lake way over yonder. Make sure that you begin your descent by detaching your "wings" at the right time to land in the water, or, well, I don\'t sell life insurance.', "", '0', '1', '1', '0', '0', '0', '0', '0', '', '', '0', '0', '0', '0', '0', '0', '0', '0', '', '', '0', '0', '0', '0', '0', '0', '0', '0', '', '', '0', '0', '0', '0', '0', '0', '0', '0', '', '', '0', '0', '0', '0', '0', '0', '0', '0', '', '', '0', '0', '0', '0', '0', '0', '0', '0', '', '', '0', '0', '0', '0', '0', '0', '0', '0', '', '', '0', '0', '0', '0', '0', '0', '0' );


/* Darkmoon Faire Custom Alterations */
# -- Darkmoon Faire Carnies
#update `creature_proto` set `npcflags`='1', `equipinfo1`='50267138', `equipinfo2`='50267138', `scale`='1' where (`entry`='14849');
update `creature_proto` set `npcflags`='1', `scale`='1' where (`entry`='14849');

# -- Sayge
#update `creature_proto` set `npcflags`='1', `equipmodel1`='23173', `equipmodel2`='23322', `equipinfo1`='50267138', `equipinfo2`='50267138' where (`entry`='14822');
update `creature_proto` set `npcflags`='1' where (`entry`='14822');

# -- Burth
update `creature_proto` set `npcflags`='1' where (`entry`='14827');

# -- Silas Darkmoon
update `creature_proto` set `npcflags`='1' where (`entry`='14823');

# -- Selina Dourman
update `creature_proto` set `npcflags`='1' where (`entry`='10445');

# -- Flik
update `creature_proto` set `npcflags`='128' where (`entry`='14860');

# -- Flik's Frog
update `creature_proto` set `npcflags`='1' where (`entry`='14866');

# -- Hornsley
update `creature_proto` set `scale`='0.15' where (`entry`='14868');

# -- Maxima Blastenheimer
update `creature_proto` set `npcflags`='1', `equipmodel1`='12236', `equipinfo1`='50267138', `equipinfo2`='50267138' where (`entry`='15303');

# -- Fix steam tonks
update `creature_proto` set `faction`='0', `minhealth`='5400', `maxhealth`='5400', `mana`='3155' where (`entry`='19405');

# -- Darkmoon Faire Carnies
update `creature_names` set `male_displayid`='14913', `female_displayid`='14914', `male_displayid2`='14890', `female_displayid2`='14912' where (`entry`='14849');
update `creature_proto` set `npcflags`='1' where (`entry`='14849');

/* Darkmoon Faire Creature Formations */
insert into `creature_formations` values ( '500002', '500003', '3', '3' );
insert into `creature_formations` values ( '500006', '500007', '3', '3' );